<?xml version="1.0" encoding="UTF-8"?>
<GenRun Id="impl_1" LaunchPart="xa7z020clg400-1I" LaunchTime="1699532662">
  <File Type="BITSTR-BMM" Name="SequenceDetector_bd.bmm"/>
  <File Type="OPT-METHODOLOGY-DRC" Name="SequenceDetector_methodology_drc_opted.rpt"/>
  <File Type="INIT-TIMING" Name="SequenceDetector_timing_summary_init.rpt"/>
  <File Type="ROUTE-PWR" Name="SequenceDetector_power_routed.rpt"/>
  <File Type="PA-TCL" Name="SequenceDetector.tcl"/>
  <File Type="OPT-TIMING" Name="SequenceDetector_timing_summary_opted.rpt"/>
  <File Type="OPT-DCP" Name="SequenceDetector_opt.dcp"/>
  <File Type="ROUTE-PWR-SUM" Name="SequenceDetector_power_summary_routed.pb"/>
  <File Type="REPORTS-TCL" Name="SequenceDetector_reports.tcl"/>
  <File Type="OPT-DRC" Name="SequenceDetector_drc_opted.rpt"/>
  <File Type="OPT-HWDEF" Name="SequenceDetector.hwdef"/>
  <File Type="PWROPT-DCP" Name="SequenceDetector_pwropt.dcp"/>
  <File Type="PWROPT-DRC" Name="SequenceDetector_drc_pwropted.rpt"/>
  <File Type="PWROPT-TIMING" Name="SequenceDetector_timing_summary_pwropted.rpt"/>
  <File Type="PLACE-DCP" Name="SequenceDetector_placed.dcp"/>
  <File Type="PLACE-IO" Name="SequenceDetector_io_placed.rpt"/>
  <File Type="PLACE-CLK" Name="SequenceDetector_clock_utilization_placed.rpt"/>
  <File Type="PLACE-UTIL" Name="SequenceDetector_utilization_placed.rpt"/>
  <File Type="PLACE-UTIL-PB" Name="SequenceDetector_utilization_placed.pb"/>
  <File Type="PLACE-CTRL" Name="SequenceDetector_control_sets_placed.rpt"/>
  <File Type="PLACE-SIMILARITY" Name="SequenceDetector_incremental_reuse_placed.rpt"/>
  <File Type="PLACE-PRE-SIMILARITY" Name="SequenceDetector_incremental_reuse_pre_placed.rpt"/>
  <File Type="PLACE-TIMING" Name="SequenceDetector_timing_summary_placed.rpt"/>
  <File Type="POSTPLACE-PWROPT-DCP" Name="SequenceDetector_postplace_pwropt.dcp"/>
  <File Type="BG-BIN" Name="SequenceDetector.bin"/>
  <File Type="POSTPLACE-PWROPT-TIMING" Name="SequenceDetector_timing_summary_postplace_pwropted.rpt"/>
  <File Type="PHYSOPT-DCP" Name="SequenceDetector_physopt.dcp"/>
  <File Type="PHYSOPT-DRC" Name="SequenceDetector_drc_physopted.rpt"/>
  <File Type="BITSTR-MSK" Name="SequenceDetector.msk"/>
  <File Type="PHYSOPT-TIMING" Name="SequenceDetector_timing_summary_physopted.rpt"/>
  <File Type="ROUTE-ERROR-DCP" Name="SequenceDetector_routed_error.dcp"/>
  <File Type="ROUTE-DCP" Name="SequenceDetector_routed.dcp"/>
  <File Type="ROUTE-BLACKBOX-DCP" Name="SequenceDetector_routed_bb.dcp"/>
  <File Type="ROUTE-DRC" Name="SequenceDetector_drc_routed.rpt"/>
  <File Type="ROUTE-DRC-PB" Name="SequenceDetector_drc_routed.pb"/>
  <File Type="ROUTE-DRC-RPX" Name="SequenceDetector_drc_routed.rpx"/>
  <File Type="BITSTR-MMI" Name="SequenceDetector.mmi"/>
  <File Type="ROUTE-METHODOLOGY-DRC" Name="SequenceDetector_methodology_drc_routed.rpt"/>
  <File Type="ROUTE-METHODOLOGY-DRC-RPX" Name="SequenceDetector_methodology_drc_routed.rpx"/>
  <File Type="ROUTE-METHODOLOGY-DRC-PB" Name="SequenceDetector_methodology_drc_routed.pb"/>
  <File Type="ROUTE-PWR-RPX" Name="SequenceDetector_power_routed.rpx"/>
  <File Type="ROUTE-STATUS" Name="SequenceDetector_route_status.rpt"/>
  <File Type="ROUTE-STATUS-PB" Name="SequenceDetector_route_status.pb"/>
  <File Type="ROUTE-TIMINGSUMMARY" Name="SequenceDetector_timing_summary_routed.rpt"/>
  <File Type="ROUTE-TIMING-PB" Name="SequenceDetector_timing_summary_routed.pb"/>
  <File Type="ROUTE-TIMING-RPX" Name="SequenceDetector_timing_summary_routed.rpx"/>
  <File Type="ROUTE-SIMILARITY" Name="SequenceDetector_incremental_reuse_routed.rpt"/>
  <File Type="ROUTE-CLK" Name="SequenceDetector_clock_utilization_routed.rpt"/>
  <File Type="ROUTE-BUS-SKEW" Name="SequenceDetector_bus_skew_routed.rpt"/>
  <File Type="ROUTE-BUS-SKEW-PB" Name="SequenceDetector_bus_skew_routed.pb"/>
  <File Type="ROUTE-BUS-SKEW-RPX" Name="SequenceDetector_bus_skew_routed.rpx"/>
  <File Type="POSTROUTE-PHYSOPT-DCP" Name="SequenceDetector_postroute_physopt.dcp"/>
  <File Type="POSTROUTE-PHYSOPT-BLACKBOX-DCP" Name="SequenceDetector_postroute_physopt_bb.dcp"/>
  <File Type="POSTROUTE-PHYSOPT-TIMING" Name="SequenceDetector_timing_summary_postroute_physopted.rpt"/>
  <File Type="POSTROUTE-PHYSOPT-TIMING-PB" Name="SequenceDetector_timing_summary_postroute_physopted.pb"/>
  <File Type="POSTROUTE-PHYSOPT-TIMING-RPX" Name="SequenceDetector_timing_summary_postroute_physopted.rpx"/>
  <File Type="POSTROUTE-PHYSOPT-BUS-SKEW" Name="SequenceDetector_bus_skew_postroute_physopted.rpt"/>
  <File Type="POSTROUTE-PHYSOPT-BUS-SKEW-PB" Name="SequenceDetector_bus_skew_postroute_physopted.pb"/>
  <File Type="BG-BIT" Name="SequenceDetector.bit"/>
  <File Type="POSTROUTE-PHYSOPT-BUS-SKEW-RPX" Name="SequenceDetector_bus_skew_postroute_physopted.rpx"/>
  <File Type="BITSTR-RBT" Name="SequenceDetector.rbt"/>
  <File Type="BITSTR-NKY" Name="SequenceDetector.nky"/>
  <File Type="PDI-FILE" Name="SequenceDetector.pdi"/>
  <File Type="RCFI_FILE" Name="SequenceDetector.rcfi"/>
  <File Type="CFI_FILE" Name="SequenceDetector.cfi"/>
  <File Type="RNPI_FILE" Name="SequenceDetector.rnpi"/>
  <File Type="NPI_FILE" Name="SequenceDetector.npi"/>
  <File Type="RBD_FILE" Name="SequenceDetector.rbd"/>
  <File Type="BITSTR-LTX" Name="debug_nets.ltx"/>
  <File Type="BITSTR-LTX" Name="SequenceDetector.ltx"/>
  <File Type="BITSTR-SYSDEF" Name="SequenceDetector.sysdef"/>
  <File Type="BG-BGN" Name="SequenceDetector.bgn"/>
  <File Type="BG-DRC" Name="SequenceDetector.drc"/>
  <File Type="RDI-RDI" Name="SequenceDetector.vdi"/>
  <File Type="WBT-USG" Name="usage_statistics_webtalk.html"/>
  <FileSet Name="sources" Type="DesignSrcs" RelSrcDir="$PSRCDIR/sources_1" RelGenDir="$PGENDIR/sources_1">
    <Filter Type="Srcs"/>
    <File Path="$PSRCDIR/sources_1/new/SequenceDetector.vhd">
      <FileInfo>
        <Attr Name="UsedIn" Val="synthesis"/>
        <Attr Name="UsedIn" Val="simulation"/>
      </FileInfo>
    </File>
    <Config>
      <Option Name="DesignMode" Val="RTL"/>
      <Option Name="TopModule" Val="SequenceDetector"/>
      <Option Name="TopAutoSet" Val="TRUE"/>
    </Config>
  </FileSet>
  <FileSet Name="constrs_in" Type="Constrs" RelSrcDir="$PSRCDIR/constrs_1">
    <Filter Type="Constrs"/>
    <Config>
      <Option Name="ConstrsType" Val="XDC"/>
    </Config>
  </FileSet>
  <FileSet Name="utils" Type="Utils" RelSrcDir="$PSRCDIR/utils_1">
    <Filter Type="Utils"/>
    <Config>
      <Option Name="TopAutoSet" Val="TRUE"/>
    </Config>
  </FileSet>
  <Strategy Version="1" Minor="2">
    <StratHandle Name="Vivado Implementation Defaults" Flow="Vivado Implementation 2020">
      <Desc>Default settings for Implementation.</Desc>
    </StratHandle>
    <Step Id="init_design"/>
    <Step Id="opt_design"/>
    <Step Id="power_opt_design"/>
    <Step Id="place_design"/>
    <Step Id="post_place_power_opt_design"/>
    <Step Id="phys_opt_design"/>
    <Step Id="route_design"/>
    <Step Id="post_route_phys_opt_design"/>
    <Step Id="write_bitstream"/>
  </Strategy>
</GenRun>
